{"rmse": 0.497157883561868, "log_rmse": 0.19862184275004455}