{"jaccards_all_categs": [0.956069294609472, 0.8583284310403795, 0.6695881033806653, 0.4959883038488902, 0.5390517325611816, 0.49704464837421625, 0.4534816995987109], "mIoU": 0.638994982464021}