{"jaccards_all_categs": [0.9138333857058285, 0.7686802764286007, 0.6470911624451088, 0.8297416753628042, 0.6122525619321713, 0.6975809458598294, 0.8705308159575317, 0.7959393762355709, 0.8607248029843392, 0.34027922192686716, 0.778083201397121, 0.4119182362602422, 0.8214208268043798, 0.7739930128431044, 0.7582024374996134, 0.8216743764930451, 0.5909759400453901, 0.7934179322045909, 0.4400652922412477, 0.7855655405330269, 0.634379774762398], "mIoU": 0.711730990282038}