{"jaccards_all_categs": [0.8018287036673247, 0.845727531274306, 0.5927761532082263, 0.6421509205299799, 0.6213347586680039, 0.5861947576186513, 0.46262929840645267, 0.3998645916612221, 0.4772800269156292, 0.4464856357484133, 0.6155336576355468, 0.588751795897506, 0.6134312840022943, 0.218586884886105, 0.14539531099039274, 0.5882230271700415, 0.44413010013714543, 0.4151875647636589, 0.3978163243850522, 0.36516625745565634, 0.228227003470328, 0.6886090436957701, 0.35955563047334665, 0.5932947609790623, 0.5962341530976931, 0.35892144787750363, 0.46608539231141427, 0.21066574991992068, 0.15620804459990728, 0.6815974422322337, 0.7971568932355436, 0.4199164404389312, 0.7171631463415822, 0.536995505737734, 0.45774645056786895, 0.38713541363047105, 0.24885994027961136, 0.33747221958469276, 0.19832156769690137, 0.39058476067856124], "mIoU": 0.479646444028646}